generated_at,date,ticker,signal,signal_raw,strategy,confidence,confidence_score,composite_score,current_price,stop_loss_pct,stop_loss_price,take_profit_pct,take_profit_price,suggested_position_size_pct,signal_expires,sharpe,sortino,win_rate,profit_factor,annual_return_pct,annual_excess_pct,max_drawdown_pct,avg_holding_days,total_trades,backtest_period,pbo,rsi,vol_20,sma_50,sma_200,trend,volatility,notes,vol_target_size_pct,meta_label_prob,meta_label_size_mult,days_to_earnings,earnings_date,last_surprise_pct,earnings_confidence_adj
2026-08-12T06:53:57,2026-08-12,III.L,ERROR,0,N/A,N/A,0,0.0,0.0,0.0,0.0,0.0,0.0,0.0,2026-08-12,0.0,0.0,0.0,0.0,0.0,0.0,0.0,0.0,0,N/A,-1.0,0.0,0.0,0.0,0.0,N/A,N/A,A process in the process pool was terminated abruptly while the future was running or pending.,-1.0,-1.0,1.0,-1,,,0
2026-08-12T06:53:57,2026-08-12,ABDN.L,ERROR,0,N/A,N/A,0,0.0,0.0,0.0,0.0,0.0,0.0,0.0,2026-08-12,0.0,0.0,0.0,0.0,0.0,0.0,0.0,0.0,0,N/A,-1.0,0.0,0.0,0.0,0.0,N/A,N/A,A process in the process pool was terminated abruptly while the future was running or pending.,-1.0,-1.0,1.0,-1,,,0
2026-08-12T06:53:57,2026-08-12,ADM.L,ERROR,0,N/A,N/A,0,0.0,0.0,0.0,0.0,0.0,0.0,0.0,2026-08-12,0.0,0.0,0.0,0.0,0.0,0.0,0.0,0.0,0,N/A,-1.0,0.0,0.0,0.0,0.0,N/A,N/A,A process in the process pool was terminated abruptly while the future was running or pending.,-1.0,-1.0,1.0,-1,,,0
2026-08-12T06:53:57,2026-08-12,AAF.L,ERROR,0,N/A,N/A,0,0.0,0.0,0.0,0.0,0.0,0.0,0.0,2026-08-12,0.0,0.0,0.0,0.0,0.0,0.0,0.0,0.0,0,N/A,-1.0,0.0,0.0,0.0,0.0,N/A,N/A,A process in the process pool was terminated abruptly while the future was running or pending.,-1.0,-1.0,1.0,-1,,,0
2026-08-12T06:53:57,2026-08-12,ALW.L,ERROR,0,N/A,N/A,0,0.0,0.0,0.0,0.0,0.0,0.0,0.0,2026-08-12,0.0,0.0,0.0,0.0,0.0,0.0,0.0,0.0,0,N/A,-1.0,0.0,0.0,0.0,0.0,N/A,N/A,A process in the process pool was terminated abruptly while the future was running or pending.,-1.0,-1.0,1.0,-1,,,0
2026-08-12T06:53:57,2026-08-12,AAL.L,ERROR,0,N/A,N/A,0,0.0,0.0,0.0,0.0,0.0,0.0,0.0,2026-08-12,0.0,0.0,0.0,0.0,0.0,0.0,0.0,0.0,0,N/A,-1.0,0.0,0.0,0.0,0.0,N/A,N/A,A process in the process pool was terminated abruptly while the future was running or pending.,-1.0,-1.0,1.0,-1,,,0
2026-08-12T06:53:57,2026-08-12,ANTO.L,ERROR,0,N/A,N/A,0,0.0,0.0,0.0,0.0,0.0,0.0,0.0,2026-08-12,0.0,0.0,0.0,0.0,0.0,0.0,0.0,0.0,0,N/A,-1.0,0.0,0.0,0.0,0.0,N/A,N/A,A process in the process pool was terminated abruptly while the future was running or pending.,-1.0,-1.0,1.0,-1,,,0
2026-08-12T06:53:57,2026-08-12,ABF.L,ERROR,0,N/A,N/A,0,0.0,0.0,0.0,0.0,0.0,0.0,0.0,2026-08-12,0.0,0.0,0.0,0.0,0.0,0.0,0.0,0.0,0,N/A,-1.0,0.0,0.0,0.0,0.0,N/A,N/A,A process in the process pool was terminated abruptly while the future was running or pending.,-1.0,-1.0,1.0,-1,,,0
2026-08-12T06:53:57,2026-08-12,AZN.L,ERROR,0,N/A,N/A,0,0.0,0.0,0.0,0.0,0.0,0.0,0.0,2026-08-12,0.0,0.0,0.0,0.0,0.0,0.0,0.0,0.0,0,N/A,-1.0,0.0,0.0,0.0,0.0,N/A,N/A,A process in the process pool was terminated abruptly while the future was running or pending.,-1.0,-1.0,1.0,-1,,,0
2026-08-12T06:53:57,2026-08-12,AUTO.L,ERROR,0,N/A,N/A,0,0.0,0.0,0.0,0.0,0.0,0.0,0.0,2026-08-12,0.0,0.0,0.0,0.0,0.0,0.0,0.0,0.0,0,N/A,-1.0,0.0,0.0,0.0,0.0,N/A,N/A,A process in the process pool was terminated abruptly while the future was running or pending.,-1.0,-1.0,1.0,-1,,,0
2026-08-12T06:53:57,2026-08-12,AV.L,ERROR,0,N/A,N/A,0,0.0,0.0,0.0,0.0,0.0,0.0,0.0,2026-08-12,0.0,0.0,0.0,0.0,0.0,0.0,0.0,0.0,0,N/A,-1.0,0.0,0.0,0.0,0.0,N/A,N/A,A process in the process pool was terminated abruptly while the future was running or pending.,-1.0,-1.0,1.0,-1,,,0
2026-08-12T06:53:57,2026-08-12,BAB.L,ERROR,0,N/A,N/A,0,0.0,0.0,0.0,0.0,0.0,0.0,0.0,2026-08-12,0.0,0.0,0.0,0.0,0.0,0.0,0.0,0.0,0,N/A,-1.0,0.0,0.0,0.0,0.0,N/A,N/A,A process in the process pool was terminated abruptly while the future was running or pending.,-1.0,-1.0,1.0,-1,,,0
2026-08-12T06:53:57,2026-08-12,BA.L,ERROR,0,N/A,N/A,0,0.0,0.0,0.0,0.0,0.0,0.0,0.0,2026-08-12,0.0,0.0,0.0,0.0,0.0,0.0,0.0,0.0,0,N/A,-1.0,0.0,0.0,0.0,0.0,N/A,N/A,A process in the process pool was terminated abruptly while the future was running or pending.,-1.0,-1.0,1.0,-1,,,0
2026-08-12T06:53:57,2026-08-12,BARC.L,ERROR,0,N/A,N/A,0,0.0,0.0,0.0,0.0,0.0,0.0,0.0,2026-08-12,0.0,0.0,0.0,0.0,0.0,0.0,0.0,0.0,0,N/A,-1.0,0.0,0.0,0.0,0.0,N/A,N/A,A process in the process pool was terminated abruptly while the future was running or pending.,-1.0,-1.0,1.0,-1,,,0
2026-08-12T06:53:57,2026-08-12,BTRW.L,ERROR,0,N/A,N/A,0,0.0,0.0,0.0,0.0,0.0,0.0,0.0,2026-08-12,0.0,0.0,0.0,0.0,0.0,0.0,0.0,0.0,0,N/A,-1.0,0.0,0.0,0.0,0.0,N/A,N/A,A process in the process pool was terminated abruptly while the future was running or pending.,-1.0,-1.0,1.0,-1,,,0
2026-08-12T06:53:57,2026-08-12,BEZ.L,ERROR,0,N/A,N/A,0,0.0,0.0,0.0,0.0,0.0,0.0,0.0,2026-08-12,0.0,0.0,0.0,0.0,0.0,0.0,0.0,0.0,0,N/A,-1.0,0.0,0.0,0.0,0.0,N/A,N/A,A process in the process pool was terminated abruptly while the future was running or pending.,-1.0,-1.0,1.0,-1,,,0
2026-08-12T06:53:57,2026-08-12,BP.L,ERROR,0,N/A,N/A,0,0.0,0.0,0.0,0.0,0.0,0.0,0.0,2026-08-12,0.0,0.0,0.0,0.0,0.0,0.0,0.0,0.0,0,N/A,-1.0,0.0,0.0,0.0,0.0,N/A,N/A,A process in the process pool was terminated abruptly while the future was running or pending.,-1.0,-1.0,1.0,-1,,,0
2026-08-12T06:53:57,2026-08-12,BATS.L,ERROR,0,N/A,N/A,0,0.0,0.0,0.0,0.0,0.0,0.0,0.0,2026-08-12,0.0,0.0,0.0,0.0,0.0,0.0,0.0,0.0,0,N/A,-1.0,0.0,0.0,0.0,0.0,N/A,N/A,A process in the process pool was terminated abruptly while the future was running or pending.,-1.0,-1.0,1.0,-1,,,0
2026-08-12T06:53:57,2026-08-12,BLND.L,ERROR,0,N/A,N/A,0,0.0,0.0,0.0,0.0,0.0,0.0,0.0,2026-08-12,0.0,0.0,0.0,0.0,0.0,0.0,0.0,0.0,0,N/A,-1.0,0.0,0.0,0.0,0.0,N/A,N/A,A process in the process pool was terminated abruptly while the future was running or pending.,-1.0,-1.0,1.0,-1,,,0
2026-08-12T06:53:57,2026-08-12,BTA.L,ERROR,0,N/A,N/A,0,0.0,0.0,0.0,0.0,0.0,0.0,0.0,2026-08-12,0.0,0.0,0.0,0.0,0.0,0.0,0.0,0.0,0,N/A,-1.0,0.0,0.0,0.0,0.0,N/A,N/A,A process in the process pool was terminated abruptly while the future was running or pending.,-1.0,-1.0,1.0,-1,,,0
2026-08-12T06:53:57,2026-08-12,BNZL.L,ERROR,0,N/A,N/A,0,0.0,0.0,0.0,0.0,0.0,0.0,0.0,2026-08-12,0.0,0.0,0.0,0.0,0.0,0.0,0.0,0.0,0,N/A,-1.0,0.0,0.0,0.0,0.0,N/A,N/A,A process in the process pool was terminated abruptly while the future was running or pending.,-1.0,-1.0,1.0,-1,,,0
2026-08-12T06:53:57,2026-08-12,BRBY.L,ERROR,0,N/A,N/A,0,0.0,0.0,0.0,0.0,0.0,0.0,0.0,2026-08-12,0.0,0.0,0.0,0.0,0.0,0.0,0.0,0.0,0,N/A,-1.0,0.0,0.0,0.0,0.0,N/A,N/A,A process in the process pool was terminated abruptly while the future was running or pending.,-1.0,-1.0,1.0,-1,,,0
2026-08-12T06:53:57,2026-08-12,CNA.L,ERROR,0,N/A,N/A,0,0.0,0.0,0.0,0.0,0.0,0.0,0.0,2026-08-12,0.0,0.0,0.0,0.0,0.0,0.0,0.0,0.0,0,N/A,-1.0,0.0,0.0,0.0,0.0,N/A,N/A,A process in the process pool was terminated abruptly while the future was running or pending.,-1.0,-1.0,1.0,-1,,,0
2026-08-12T06:53:57,2026-08-12,CCEP.L,ERROR,0,N/A,N/A,0,0.0,0.0,0.0,0.0,0.0,0.0,0.0,2026-08-12,0.0,0.0,0.0,0.0,0.0,0.0,0.0,0.0,0,N/A,-1.0,0.0,0.0,0.0,0.0,N/A,N/A,A process in the process pool was terminated abruptly while the future was running or pending.,-1.0,-1.0,1.0,-1,,,0
2026-08-12T06:53:57,2026-08-12,CCH.L,ERROR,0,N/A,N/A,0,0.0,0.0,0.0,0.0,0.0,0.0,0.0,2026-08-12,0.0,0.0,0.0,0.0,0.0,0.0,0.0,0.0,0,N/A,-1.0,0.0,0.0,0.0,0.0,N/A,N/A,A process in the process pool was terminated abruptly while the future was running or pending.,-1.0,-1.0,1.0,-1,,,0
2026-08-12T06:53:57,2026-08-12,CPG.L,ERROR,0,N/A,N/A,0,0.0,0.0,0.0,0.0,0.0,0.0,0.0,2026-08-12,0.0,0.0,0.0,0.0,0.0,0.0,0.0,0.0,0,N/A,-1.0,0.0,0.0,0.0,0.0,N/A,N/A,A process in the process pool was terminated abruptly while the future was running or pending.,-1.0,-1.0,1.0,-1,,,0
2026-08-12T06:53:57,2026-08-12,CCC.L,ERROR,0,N/A,N/A,0,0.0,0.0,0.0,0.0,0.0,0.0,0.0,2026-08-12,0.0,0.0,0.0,0.0,0.0,0.0,0.0,0.0,0,N/A,-1.0,0.0,0.0,0.0,0.0,N/A,N/A,A process in the process pool was terminated abruptly while the future was running or pending.,-1.0,-1.0,1.0,-1,,,0
2026-08-12T06:53:57,2026-08-12,CTEC.L,ERROR,0,N/A,N/A,0,0.0,0.0,0.0,0.0,0.0,0.0,0.0,2026-08-12,0.0,0.0,0.0,0.0,0.0,0.0,0.0,0.0,0,N/A,-1.0,0.0,0.0,0.0,0.0,N/A,N/A,A process in the process pool was terminated abruptly while the future was running or pending.,-1.0,-1.0,1.0,-1,,,0
2026-08-12T06:53:57,2026-08-12,CRDA.L,ERROR,0,N/A,N/A,0,0.0,0.0,0.0,0.0,0.0,0.0,0.0,2026-08-12,0.0,0.0,0.0,0.0,0.0,0.0,0.0,0.0,0,N/A,-1.0,0.0,0.0,0.0,0.0,N/A,N/A,A process in the process pool was terminated abruptly while the future was running or pending.,-1.0,-1.0,1.0,-1,,,0
2026-08-12T06:53:57,2026-08-12,DCC.L,ERROR,0,N/A,N/A,0,0.0,0.0,0.0,0.0,0.0,0.0,0.0,2026-08-12,0.0,0.0,0.0,0.0,0.0,0.0,0.0,0.0,0,N/A,-1.0,0.0,0.0,0.0,0.0,N/A,N/A,A process in the process pool was terminated abruptly while the future was running or pending.,-1.0,-1.0,1.0,-1,,,0
2026-08-12T06:53:57,2026-08-12,DGE.L,ERROR,0,N/A,N/A,0,0.0,0.0,0.0,0.0,0.0,0.0,0.0,2026-08-12,0.0,0.0,0.0,0.0,0.0,0.0,0.0,0.0,0,N/A,-1.0,0.0,0.0,0.0,0.0,N/A,N/A,A process in the process pool was terminated abruptly while the future was running or pending.,-1.0,-1.0,1.0,-1,,,0
2026-08-12T06:53:57,2026-08-12,DPLM.L,ERROR,0,N/A,N/A,0,0.0,0.0,0.0,0.0,0.0,0.0,0.0,2026-08-12,0.0,0.0,0.0,0.0,0.0,0.0,0.0,0.0,0,N/A,-1.0,0.0,0.0,0.0,0.0,N/A,N/A,A process in the process pool was terminated abruptly while the future was running or pending.,-1.0,-1.0,1.0,-1,,,0
2026-08-12T06:53:57,2026-08-12,EDV.L,ERROR,0,N/A,N/A,0,0.0,0.0,0.0,0.0,0.0,0.0,0.0,2026-08-12,0.0,0.0,0.0,0.0,0.0,0.0,0.0,0.0,0,N/A,-1.0,0.0,0.0,0.0,0.0,N/A,N/A,A process in the process pool was terminated abruptly while the future was running or pending.,-1.0,-1.0,1.0,-1,,,0
2026-08-12T06:53:57,2026-08-12,ENT.L,ERROR,0,N/A,N/A,0,0.0,0.0,0.0,0.0,0.0,0.0,0.0,2026-08-12,0.0,0.0,0.0,0.0,0.0,0.0,0.0,0.0,0,N/A,-1.0,0.0,0.0,0.0,0.0,N/A,N/A,A process in the process pool was terminated abruptly while the future was running or pending.,-1.0,-1.0,1.0,-1,,,0
2026-08-12T06:53:57,2026-08-12,EXPN.L,ERROR,0,N/A,N/A,0,0.0,0.0,0.0,0.0,0.0,0.0,0.0,2026-08-12,0.0,0.0,0.0,0.0,0.0,0.0,0.0,0.0,0,N/A,-1.0,0.0,0.0,0.0,0.0,N/A,N/A,A process in the process pool was terminated abruptly while the future was running or pending.,-1.0,-1.0,1.0,-1,,,0
2026-08-12T06:53:57,2026-08-12,FCIT.L,ERROR,0,N/A,N/A,0,0.0,0.0,0.0,0.0,0.0,0.0,0.0,2026-08-12,0.0,0.0,0.0,0.0,0.0,0.0,0.0,0.0,0,N/A,-1.0,0.0,0.0,0.0,0.0,N/A,N/A,A process in the process pool was terminated abruptly while the future was running or pending.,-1.0,-1.0,1.0,-1,,,0
2026-08-12T06:53:57,2026-08-12,FRES.L,ERROR,0,N/A,N/A,0,0.0,0.0,0.0,0.0,0.0,0.0,0.0,2026-08-12,0.0,0.0,0.0,0.0,0.0,0.0,0.0,0.0,0,N/A,-1.0,0.0,0.0,0.0,0.0,N/A,N/A,A process in the process pool was terminated abruptly while the future was running or pending.,-1.0,-1.0,1.0,-1,,,0
2026-08-12T06:53:57,2026-08-12,GAW.L,ERROR,0,N/A,N/A,0,0.0,0.0,0.0,0.0,0.0,0.0,0.0,2026-08-12,0.0,0.0,0.0,0.0,0.0,0.0,0.0,0.0,0,N/A,-1.0,0.0,0.0,0.0,0.0,N/A,N/A,A process in the process pool was terminated abruptly while the future was running or pending.,-1.0,-1.0,1.0,-1,,,0
2026-08-12T06:53:57,2026-08-12,GLEN.L,ERROR,0,N/A,N/A,0,0.0,0.0,0.0,0.0,0.0,0.0,0.0,2026-08-12,0.0,0.0,0.0,0.0,0.0,0.0,0.0,0.0,0,N/A,-1.0,0.0,0.0,0.0,0.0,N/A,N/A,A process in the process pool was terminated abruptly while the future was running or pending.,-1.0,-1.0,1.0,-1,,,0
2026-08-12T06:53:57,2026-08-12,GSK.L,ERROR,0,N/A,N/A,0,0.0,0.0,0.0,0.0,0.0,0.0,0.0,2026-08-12,0.0,0.0,0.0,0.0,0.0,0.0,0.0,0.0,0,N/A,-1.0,0.0,0.0,0.0,0.0,N/A,N/A,A process in the process pool was terminated abruptly while the future was running or pending.,-1.0,-1.0,1.0,-1,,,0
2026-08-12T06:53:57,2026-08-12,HLN.L,ERROR,0,N/A,N/A,0,0.0,0.0,0.0,0.0,0.0,0.0,0.0,2026-08-12,0.0,0.0,0.0,0.0,0.0,0.0,0.0,0.0,0,N/A,-1.0,0.0,0.0,0.0,0.0,N/A,N/A,A process in the process pool was terminated abruptly while the future was running or pending.,-1.0,-1.0,1.0,-1,,,0
2026-08-12T06:53:57,2026-08-12,HLMA.L,ERROR,0,N/A,N/A,0,0.0,0.0,0.0,0.0,0.0,0.0,0.0,2026-08-12,0.0,0.0,0.0,0.0,0.0,0.0,0.0,0.0,0,N/A,-1.0,0.0,0.0,0.0,0.0,N/A,N/A,A process in the process pool was terminated abruptly while the future was running or pending.,-1.0,-1.0,1.0,-1,,,0
2026-08-12T06:53:57,2026-08-12,HSX.L,ERROR,0,N/A,N/A,0,0.0,0.0,0.0,0.0,0.0,0.0,0.0,2026-08-12,0.0,0.0,0.0,0.0,0.0,0.0,0.0,0.0,0,N/A,-1.0,0.0,0.0,0.0,0.0,N/A,N/A,A process in the process pool was terminated abruptly while the future was running or pending.,-1.0,-1.0,1.0,-1,,,0
2026-08-12T06:53:57,2026-08-12,HWDN.L,ERROR,0,N/A,N/A,0,0.0,0.0,0.0,0.0,0.0,0.0,0.0,2026-08-12,0.0,0.0,0.0,0.0,0.0,0.0,0.0,0.0,0,N/A,-1.0,0.0,0.0,0.0,0.0,N/A,N/A,A process in the process pool was terminated abruptly while the future was running or pending.,-1.0,-1.0,1.0,-1,,,0
2026-08-12T06:53:57,2026-08-12,HSBA.L,ERROR,0,N/A,N/A,0,0.0,0.0,0.0,0.0,0.0,0.0,0.0,2026-08-12,0.0,0.0,0.0,0.0,0.0,0.0,0.0,0.0,0,N/A,-1.0,0.0,0.0,0.0,0.0,N/A,N/A,A process in the process pool was terminated abruptly while the future was running or pending.,-1.0,-1.0,1.0,-1,,,0
2026-08-12T06:53:57,2026-08-12,ICG.L,ERROR,0,N/A,N/A,0,0.0,0.0,0.0,0.0,0.0,0.0,0.0,2026-08-12,0.0,0.0,0.0,0.0,0.0,0.0,0.0,0.0,0,N/A,-1.0,0.0,0.0,0.0,0.0,N/A,N/A,A process in the process pool was terminated abruptly while the future was running or pending.,-1.0,-1.0,1.0,-1,,,0
2026-08-12T06:53:57,2026-08-12,IGG.L,ERROR,0,N/A,N/A,0,0.0,0.0,0.0,0.0,0.0,0.0,0.0,2026-08-12,0.0,0.0,0.0,0.0,0.0,0.0,0.0,0.0,0,N/A,-1.0,0.0,0.0,0.0,0.0,N/A,N/A,A process in the process pool was terminated abruptly while the future was running or pending.,-1.0,-1.0,1.0,-1,,,0
2026-08-12T06:53:57,2026-08-12,IHG.L,ERROR,0,N/A,N/A,0,0.0,0.0,0.0,0.0,0.0,0.0,0.0,2026-08-12,0.0,0.0,0.0,0.0,0.0,0.0,0.0,0.0,0,N/A,-1.0,0.0,0.0,0.0,0.0,N/A,N/A,A process in the process pool was terminated abruptly while the future was running or pending.,-1.0,-1.0,1.0,-1,,,0
2026-08-12T06:53:57,2026-08-12,IMI.L,ERROR,0,N/A,N/A,0,0.0,0.0,0.0,0.0,0.0,0.0,0.0,2026-08-12,0.0,0.0,0.0,0.0,0.0,0.0,0.0,0.0,0,N/A,-1.0,0.0,0.0,0.0,0.0,N/A,N/A,A process in the process pool was terminated abruptly while the future was running or pending.,-1.0,-1.0,1.0,-1,,,0
2026-08-12T06:53:57,2026-08-12,IMB.L,ERROR,0,N/A,N/A,0,0.0,0.0,0.0,0.0,0.0,0.0,0.0,2026-08-12,0.0,0.0,0.0,0.0,0.0,0.0,0.0,0.0,0,N/A,-1.0,0.0,0.0,0.0,0.0,N/A,N/A,A process in the process pool was terminated abruptly while the future was running or pending.,-1.0,-1.0,1.0,-1,,,0
2026-08-12T06:53:57,2026-08-12,INF.L,ERROR,0,N/A,N/A,0,0.0,0.0,0.0,0.0,0.0,0.0,0.0,2026-08-12,0.0,0.0,0.0,0.0,0.0,0.0,0.0,0.0,0,N/A,-1.0,0.0,0.0,0.0,0.0,N/A,N/A,A process in the process pool was terminated abruptly while the future was running or pending.,-1.0,-1.0,1.0,-1,,,0
2026-08-12T06:53:57,2026-08-12,IAG.L,ERROR,0,N/A,N/A,0,0.0,0.0,0.0,0.0,0.0,0.0,0.0,2026-08-12,0.0,0.0,0.0,0.0,0.0,0.0,0.0,0.0,0,N/A,-1.0,0.0,0.0,0.0,0.0,N/A,N/A,A process in the process pool was terminated abruptly while the future was running or pending.,-1.0,-1.0,1.0,-1,,,0
2026-08-12T06:53:57,2026-08-12,ITRK.L,ERROR,0,N/A,N/A,0,0.0,0.0,0.0,0.0,0.0,0.0,0.0,2026-08-12,0.0,0.0,0.0,0.0,0.0,0.0,0.0,0.0,0,N/A,-1.0,0.0,0.0,0.0,0.0,N/A,N/A,A process in the process pool was terminated abruptly while the future was running or pending.,-1.0,-1.0,1.0,-1,,,0
2026-08-12T06:53:57,2026-08-12,INVP.L,ERROR,0,N/A,N/A,0,0.0,0.0,0.0,0.0,0.0,0.0,0.0,2026-08-12,0.0,0.0,0.0,0.0,0.0,0.0,0.0,0.0,0,N/A,-1.0,0.0,0.0,0.0,0.0,N/A,N/A,A process in the process pool was terminated abruptly while the future was running or pending.,-1.0,-1.0,1.0,-1,,,0
2026-08-12T06:53:57,2026-08-12,JD.L,ERROR,0,N/A,N/A,0,0.0,0.0,0.0,0.0,0.0,0.0,0.0,2026-08-12,0.0,0.0,0.0,0.0,0.0,0.0,0.0,0.0,0,N/A,-1.0,0.0,0.0,0.0,0.0,N/A,N/A,A process in the process pool was terminated abruptly while the future was running or pending.,-1.0,-1.0,1.0,-1,,,0
2026-08-12T06:53:57,2026-08-12,BGEO.L,ERROR,0,N/A,N/A,0,0.0,0.0,0.0,0.0,0.0,0.0,0.0,2026-08-12,0.0,0.0,0.0,0.0,0.0,0.0,0.0,0.0,0,N/A,-1.0,0.0,0.0,0.0,0.0,N/A,N/A,A process in the process pool was terminated abruptly while the future was running or pending.,-1.0,-1.0,1.0,-1,,,0
2026-08-12T06:53:57,2026-08-12,KGF.L,ERROR,0,N/A,N/A,0,0.0,0.0,0.0,0.0,0.0,0.0,0.0,2026-08-12,0.0,0.0,0.0,0.0,0.0,0.0,0.0,0.0,0,N/A,-1.0,0.0,0.0,0.0,0.0,N/A,N/A,A process in the process pool was terminated abruptly while the future was running or pending.,-1.0,-1.0,1.0,-1,,,0
2026-08-12T06:53:57,2026-08-12,LAND.L,ERROR,0,N/A,N/A,0,0.0,0.0,0.0,0.0,0.0,0.0,0.0,2026-08-12,0.0,0.0,0.0,0.0,0.0,0.0,0.0,0.0,0,N/A,-1.0,0.0,0.0,0.0,0.0,N/A,N/A,A process in the process pool was terminated abruptly while the future was running or pending.,-1.0,-1.0,1.0,-1,,,0
2026-08-12T06:53:57,2026-08-12,LGEN.L,ERROR,0,N/A,N/A,0,0.0,0.0,0.0,0.0,0.0,0.0,0.0,2026-08-12,0.0,0.0,0.0,0.0,0.0,0.0,0.0,0.0,0,N/A,-1.0,0.0,0.0,0.0,0.0,N/A,N/A,A process in the process pool was terminated abruptly while the future was running or pending.,-1.0,-1.0,1.0,-1,,,0
2026-08-12T06:53:57,2026-08-12,LLOY.L,ERROR,0,N/A,N/A,0,0.0,0.0,0.0,0.0,0.0,0.0,0.0,2026-08-12,0.0,0.0,0.0,0.0,0.0,0.0,0.0,0.0,0,N/A,-1.0,0.0,0.0,0.0,0.0,N/A,N/A,A process in the process pool was terminated abruptly while the future was running or pending.,-1.0,-1.0,1.0,-1,,,0
2026-08-12T06:53:57,2026-08-12,LMP.L,ERROR,0,N/A,N/A,0,0.0,0.0,0.0,0.0,0.0,0.0,0.0,2026-08-12,0.0,0.0,0.0,0.0,0.0,0.0,0.0,0.0,0,N/A,-1.0,0.0,0.0,0.0,0.0,N/A,N/A,A process in the process pool was terminated abruptly while the future was running or pending.,-1.0,-1.0,1.0,-1,,,0
2026-08-12T06:53:57,2026-08-12,LSEG.L,ERROR,0,N/A,N/A,0,0.0,0.0,0.0,0.0,0.0,0.0,0.0,2026-08-12,0.0,0.0,0.0,0.0,0.0,0.0,0.0,0.0,0,N/A,-1.0,0.0,0.0,0.0,0.0,N/A,N/A,A process in the process pool was terminated abruptly while the future was running or pending.,-1.0,-1.0,1.0,-1,,,0
2026-08-12T06:53:57,2026-08-12,MNG.L,ERROR,0,N/A,N/A,0,0.0,0.0,0.0,0.0,0.0,0.0,0.0,2026-08-12,0.0,0.0,0.0,0.0,0.0,0.0,0.0,0.0,0,N/A,-1.0,0.0,0.0,0.0,0.0,N/A,N/A,A process in the process pool was terminated abruptly while the future was running or pending.,-1.0,-1.0,1.0,-1,,,0
2026-08-12T06:53:57,2026-08-12,MKS.L,ERROR,0,N/A,N/A,0,0.0,0.0,0.0,0.0,0.0,0.0,0.0,2026-08-12,0.0,0.0,0.0,0.0,0.0,0.0,0.0,0.0,0,N/A,-1.0,0.0,0.0,0.0,0.0,N/A,N/A,A process in the process pool was terminated abruptly while the future was running or pending.,-1.0,-1.0,1.0,-1,,,0
2026-08-12T06:53:57,2026-08-12,MRO.L,ERROR,0,N/A,N/A,0,0.0,0.0,0.0,0.0,0.0,0.0,0.0,2026-08-12,0.0,0.0,0.0,0.0,0.0,0.0,0.0,0.0,0,N/A,-1.0,0.0,0.0,0.0,0.0,N/A,N/A,A process in the process pool was terminated abruptly while the future was running or pending.,-1.0,-1.0,1.0,-1,,,0
2026-08-12T06:53:57,2026-08-12,MTLN.L,ERROR,0,N/A,N/A,0,0.0,0.0,0.0,0.0,0.0,0.0,0.0,2026-08-12,0.0,0.0,0.0,0.0,0.0,0.0,0.0,0.0,0,N/A,-1.0,0.0,0.0,0.0,0.0,N/A,N/A,A process in the process pool was terminated abruptly while the future was running or pending.,-1.0,-1.0,1.0,-1,,,0
2026-08-12T06:53:57,2026-08-12,NG.L,ERROR,0,N/A,N/A,0,0.0,0.0,0.0,0.0,0.0,0.0,0.0,2026-08-12,0.0,0.0,0.0,0.0,0.0,0.0,0.0,0.0,0,N/A,-1.0,0.0,0.0,0.0,0.0,N/A,N/A,A process in the process pool was terminated abruptly while the future was running or pending.,-1.0,-1.0,1.0,-1,,,0
2026-08-12T06:53:57,2026-08-12,NWG.L,ERROR,0,N/A,N/A,0,0.0,0.0,0.0,0.0,0.0,0.0,0.0,2026-08-12,0.0,0.0,0.0,0.0,0.0,0.0,0.0,0.0,0,N/A,-1.0,0.0,0.0,0.0,0.0,N/A,N/A,A process in the process pool was terminated abruptly while the future was running or pending.,-1.0,-1.0,1.0,-1,,,0
2026-08-12T06:53:57,2026-08-12,NXT.L,ERROR,0,N/A,N/A,0,0.0,0.0,0.0,0.0,0.0,0.0,0.0,2026-08-12,0.0,0.0,0.0,0.0,0.0,0.0,0.0,0.0,0,N/A,-1.0,0.0,0.0,0.0,0.0,N/A,N/A,A process in the process pool was terminated abruptly while the future was running or pending.,-1.0,-1.0,1.0,-1,,,0
2026-08-12T06:53:57,2026-08-12,PSON.L,ERROR,0,N/A,N/A,0,0.0,0.0,0.0,0.0,0.0,0.0,0.0,2026-08-12,0.0,0.0,0.0,0.0,0.0,0.0,0.0,0.0,0,N/A,-1.0,0.0,0.0,0.0,0.0,N/A,N/A,A process in the process pool was terminated abruptly while the future was running or pending.,-1.0,-1.0,1.0,-1,,,0
2026-08-12T06:53:57,2026-08-12,PSH.L,ERROR,0,N/A,N/A,0,0.0,0.0,0.0,0.0,0.0,0.0,0.0,2026-08-12,0.0,0.0,0.0,0.0,0.0,0.0,0.0,0.0,0,N/A,-1.0,0.0,0.0,0.0,0.0,N/A,N/A,A process in the process pool was terminated abruptly while the future was running or pending.,-1.0,-1.0,1.0,-1,,,0
2026-08-12T06:53:57,2026-08-12,PSN.L,ERROR,0,N/A,N/A,0,0.0,0.0,0.0,0.0,0.0,0.0,0.0,2026-08-12,0.0,0.0,0.0,0.0,0.0,0.0,0.0,0.0,0,N/A,-1.0,0.0,0.0,0.0,0.0,N/A,N/A,A process in the process pool was terminated abruptly while the future was running or pending.,-1.0,-1.0,1.0,-1,,,0
2026-08-12T06:53:57,2026-08-12,PCT.L,ERROR,0,N/A,N/A,0,0.0,0.0,0.0,0.0,0.0,0.0,0.0,2026-08-12,0.0,0.0,0.0,0.0,0.0,0.0,0.0,0.0,0,N/A,-1.0,0.0,0.0,0.0,0.0,N/A,N/A,A process in the process pool was terminated abruptly while the future was running or pending.,-1.0,-1.0,1.0,-1,,,0
2026-08-12T06:53:57,2026-08-12,PRU.L,ERROR,0,N/A,N/A,0,0.0,0.0,0.0,0.0,0.0,0.0,0.0,2026-08-12,0.0,0.0,0.0,0.0,0.0,0.0,0.0,0.0,0,N/A,-1.0,0.0,0.0,0.0,0.0,N/A,N/A,A process in the process pool was terminated abruptly while the future was running or pending.,-1.0,-1.0,1.0,-1,,,0
2026-08-12T06:53:57,2026-08-12,RKT.L,ERROR,0,N/A,N/A,0,0.0,0.0,0.0,0.0,0.0,0.0,0.0,2026-08-12,0.0,0.0,0.0,0.0,0.0,0.0,0.0,0.0,0,N/A,-1.0,0.0,0.0,0.0,0.0,N/A,N/A,A process in the process pool was terminated abruptly while the future was running or pending.,-1.0,-1.0,1.0,-1,,,0
2026-08-12T06:53:57,2026-08-12,REL.L,ERROR,0,N/A,N/A,0,0.0,0.0,0.0,0.0,0.0,0.0,0.0,2026-08-12,0.0,0.0,0.0,0.0,0.0,0.0,0.0,0.0,0,N/A,-1.0,0.0,0.0,0.0,0.0,N/A,N/A,A process in the process pool was terminated abruptly while the future was running or pending.,-1.0,-1.0,1.0,-1,,,0
2026-08-12T06:53:57,2026-08-12,RTO.L,ERROR,0,N/A,N/A,0,0.0,0.0,0.0,0.0,0.0,0.0,0.0,2026-08-12,0.0,0.0,0.0,0.0,0.0,0.0,0.0,0.0,0,N/A,-1.0,0.0,0.0,0.0,0.0,N/A,N/A,A process in the process pool was terminated abruptly while the future was running or pending.,-1.0,-1.0,1.0,-1,,,0
2026-08-12T06:53:57,2026-08-12,RIO.L,ERROR,0,N/A,N/A,0,0.0,0.0,0.0,0.0,0.0,0.0,0.0,2026-08-12,0.0,0.0,0.0,0.0,0.0,0.0,0.0,0.0,0,N/A,-1.0,0.0,0.0,0.0,0.0,N/A,N/A,A process in the process pool was terminated abruptly while the future was running or pending.,-1.0,-1.0,1.0,-1,,,0
2026-08-12T06:53:57,2026-08-12,RR.L,ERROR,0,N/A,N/A,0,0.0,0.0,0.0,0.0,0.0,0.0,0.0,2026-08-12,0.0,0.0,0.0,0.0,0.0,0.0,0.0,0.0,0,N/A,-1.0,0.0,0.0,0.0,0.0,N/A,N/A,A process in the process pool was terminated abruptly while the future was running or pending.,-1.0,-1.0,1.0,-1,,,0
2026-08-12T06:53:57,2026-08-12,SGE.L,ERROR,0,N/A,N/A,0,0.0,0.0,0.0,0.0,0.0,0.0,0.0,2026-08-12,0.0,0.0,0.0,0.0,0.0,0.0,0.0,0.0,0,N/A,-1.0,0.0,0.0,0.0,0.0,N/A,N/A,A process in the process pool was terminated abruptly while the future was running or pending.,-1.0,-1.0,1.0,-1,,,0
2026-08-12T06:53:57,2026-08-12,SBRY.L,ERROR,0,N/A,N/A,0,0.0,0.0,0.0,0.0,0.0,0.0,0.0,2026-08-12,0.0,0.0,0.0,0.0,0.0,0.0,0.0,0.0,0,N/A,-1.0,0.0,0.0,0.0,0.0,N/A,N/A,A process in the process pool was terminated abruptly while the future was running or pending.,-1.0,-1.0,1.0,-1,,,0
2026-08-12T06:53:57,2026-08-12,SDR.L,ERROR,0,N/A,N/A,0,0.0,0.0,0.0,0.0,0.0,0.0,0.0,2026-08-12,0.0,0.0,0.0,0.0,0.0,0.0,0.0,0.0,0,N/A,-1.0,0.0,0.0,0.0,0.0,N/A,N/A,A process in the process pool was terminated abruptly while the future was running or pending.,-1.0,-1.0,1.0,-1,,,0
2026-08-12T06:53:57,2026-08-12,SMT.L,ERROR,0,N/A,N/A,0,0.0,0.0,0.0,0.0,0.0,0.0,0.0,2026-08-12,0.0,0.0,0.0,0.0,0.0,0.0,0.0,0.0,0,N/A,-1.0,0.0,0.0,0.0,0.0,N/A,N/A,A process in the process pool was terminated abruptly while the future was running or pending.,-1.0,-1.0,1.0,-1,,,0
2026-08-12T06:53:57,2026-08-12,SGRO.L,ERROR,0,N/A,N/A,0,0.0,0.0,0.0,0.0,0.0,0.0,0.0,2026-08-12,0.0,0.0,0.0,0.0,0.0,0.0,0.0,0.0,0,N/A,-1.0,0.0,0.0,0.0,0.0,N/A,N/A,A process in the process pool was terminated abruptly while the future was running or pending.,-1.0,-1.0,1.0,-1,,,0
2026-08-12T06:53:57,2026-08-12,SVT.L,ERROR,0,N/A,N/A,0,0.0,0.0,0.0,0.0,0.0,0.0,0.0,2026-08-12,0.0,0.0,0.0,0.0,0.0,0.0,0.0,0.0,0,N/A,-1.0,0.0,0.0,0.0,0.0,N/A,N/A,A process in the process pool was terminated abruptly while the future was running or pending.,-1.0,-1.0,1.0,-1,,,0
2026-08-12T06:53:57,2026-08-12,SHEL.L,ERROR,0,N/A,N/A,0,0.0,0.0,0.0,0.0,0.0,0.0,0.0,2026-08-12,0.0,0.0,0.0,0.0,0.0,0.0,0.0,0.0,0,N/A,-1.0,0.0,0.0,0.0,0.0,N/A,N/A,A process in the process pool was terminated abruptly while the future was running or pending.,-1.0,-1.0,1.0,-1,,,0
2026-08-12T06:53:57,2026-08-12,SMIN.L,ERROR,0,N/A,N/A,0,0.0,0.0,0.0,0.0,0.0,0.0,0.0,2026-08-12,0.0,0.0,0.0,0.0,0.0,0.0,0.0,0.0,0,N/A,-1.0,0.0,0.0,0.0,0.0,N/A,N/A,A process in the process pool was terminated abruptly while the future was running or pending.,-1.0,-1.0,1.0,-1,,,0
2026-08-12T06:53:57,2026-08-12,SN.L,ERROR,0,N/A,N/A,0,0.0,0.0,0.0,0.0,0.0,0.0,0.0,2026-08-12,0.0,0.0,0.0,0.0,0.0,0.0,0.0,0.0,0,N/A,-1.0,0.0,0.0,0.0,0.0,N/A,N/A,A process in the process pool was terminated abruptly while the future was running or pending.,-1.0,-1.0,1.0,-1,,,0
2026-08-12T06:53:57,2026-08-12,SPX.L,ERROR,0,N/A,N/A,0,0.0,0.0,0.0,0.0,0.0,0.0,0.0,2026-08-12,0.0,0.0,0.0,0.0,0.0,0.0,0.0,0.0,0,N/A,-1.0,0.0,0.0,0.0,0.0,N/A,N/A,A process in the process pool was terminated abruptly while the future was running or pending.,-1.0,-1.0,1.0,-1,,,0
2026-08-12T06:53:57,2026-08-12,SSE.L,ERROR,0,N/A,N/A,0,0.0,0.0,0.0,0.0,0.0,0.0,0.0,2026-08-12,0.0,0.0,0.0,0.0,0.0,0.0,0.0,0.0,0,N/A,-1.0,0.0,0.0,0.0,0.0,N/A,N/A,A process in the process pool was terminated abruptly while the future was running or pending.,-1.0,-1.0,1.0,-1,,,0
2026-08-12T06:53:57,2026-08-12,STAN.L,ERROR,0,N/A,N/A,0,0.0,0.0,0.0,0.0,0.0,0.0,0.0,2026-08-12,0.0,0.0,0.0,0.0,0.0,0.0,0.0,0.0,0,N/A,-1.0,0.0,0.0,0.0,0.0,N/A,N/A,A process in the process pool was terminated abruptly while the future was running or pending.,-1.0,-1.0,1.0,-1,,,0
2026-08-12T06:53:57,2026-08-12,SDLF.L,ERROR,0,N/A,N/A,0,0.0,0.0,0.0,0.0,0.0,0.0,0.0,2026-08-12,0.0,0.0,0.0,0.0,0.0,0.0,0.0,0.0,0,N/A,-1.0,0.0,0.0,0.0,0.0,N/A,N/A,A process in the process pool was terminated abruptly while the future was running or pending.,-1.0,-1.0,1.0,-1,,,0
2026-08-12T06:53:57,2026-08-12,STJ.L,ERROR,0,N/A,N/A,0,0.0,0.0,0.0,0.0,0.0,0.0,0.0,2026-08-12,0.0,0.0,0.0,0.0,0.0,0.0,0.0,0.0,0,N/A,-1.0,0.0,0.0,0.0,0.0,N/A,N/A,A process in the process pool was terminated abruptly while the future was running or pending.,-1.0,-1.0,1.0,-1,,,0
2026-08-12T06:53:57,2026-08-12,TSCO.L,ERROR,0,N/A,N/A,0,0.0,0.0,0.0,0.0,0.0,0.0,0.0,2026-08-12,0.0,0.0,0.0,0.0,0.0,0.0,0.0,0.0,0,N/A,-1.0,0.0,0.0,0.0,0.0,N/A,N/A,A process in the process pool was terminated abruptly while the future was running or pending.,-1.0,-1.0,1.0,-1,,,0
2026-08-12T06:53:57,2026-08-12,BBOX.L,ERROR,0,N/A,N/A,0,0.0,0.0,0.0,0.0,0.0,0.0,0.0,2026-08-12,0.0,0.0,0.0,0.0,0.0,0.0,0.0,0.0,0,N/A,-1.0,0.0,0.0,0.0,0.0,N/A,N/A,A process in the process pool was terminated abruptly while the future was running or pending.,-1.0,-1.0,1.0,-1,,,0
2026-08-12T06:53:57,2026-08-12,ULVR.L,ERROR,0,N/A,N/A,0,0.0,0.0,0.0,0.0,0.0,0.0,0.0,2026-08-12,0.0,0.0,0.0,0.0,0.0,0.0,0.0,0.0,0,N/A,-1.0,0.0,0.0,0.0,0.0,N/A,N/A,A process in the process pool was terminated abruptly while the future was running or pending.,-1.0,-1.0,1.0,-1,,,0
2026-08-12T06:53:57,2026-08-12,UU.L,ERROR,0,N/A,N/A,0,0.0,0.0,0.0,0.0,0.0,0.0,0.0,2026-08-12,0.0,0.0,0.0,0.0,0.0,0.0,0.0,0.0,0,N/A,-1.0,0.0,0.0,0.0,0.0,N/A,N/A,A process in the process pool was terminated abruptly while the future was running or pending.,-1.0,-1.0,1.0,-1,,,0
2026-08-12T06:53:57,2026-08-12,VOD.L,ERROR,0,N/A,N/A,0,0.0,0.0,0.0,0.0,0.0,0.0,0.0,2026-08-12,0.0,0.0,0.0,0.0,0.0,0.0,0.0,0.0,0,N/A,-1.0,0.0,0.0,0.0,0.0,N/A,N/A,A process in the process pool was terminated abruptly while the future was running or pending.,-1.0,-1.0,1.0,-1,,,0
2026-08-12T06:53:57,2026-08-12,WEIR.L,ERROR,0,N/A,N/A,0,0.0,0.0,0.0,0.0,0.0,0.0,0.0,2026-08-12,0.0,0.0,0.0,0.0,0.0,0.0,0.0,0.0,0,N/A,-1.0,0.0,0.0,0.0,0.0,N/A,N/A,A process in the process pool was terminated abruptly while the future was running or pending.,-1.0,-1.0,1.0,-1,,,0
2026-08-12T06:53:57,2026-08-12,WTB.L,ERROR,0,N/A,N/A,0,0.0,0.0,0.0,0.0,0.0,0.0,0.0,2026-08-12,0.0,0.0,0.0,0.0,0.0,0.0,0.0,0.0,0,N/A,-1.0,0.0,0.0,0.0,0.0,N/A,N/A,A process in the process pool was terminated abruptly while the future was running or pending.,-1.0,-1.0,1.0,-1,,,0
